-- phpMyAdmin SQL Dump
-- version 4.1.14
-- http://www.phpmyadmin.net
--
-- Client :  127.0.0.1
-- Généré le :  Dim 16 Octobre 2016 à 09:17
-- Version du serveur :  5.6.17
-- Version de PHP :  5.5.12

SET SQL_MODE = "NO_AUTO_VALUE_ON_ZERO";
SET time_zone = "+00:00";


/*!40101 SET @OLD_CHARACTER_SET_CLIENT=@@CHARACTER_SET_CLIENT */;
/*!40101 SET @OLD_CHARACTER_SET_RESULTS=@@CHARACTER_SET_RESULTS */;
/*!40101 SET @OLD_COLLATION_CONNECTION=@@COLLATION_CONNECTION */;
/*!40101 SET NAMES utf8 */;

--
-- Base de données :  `club`
--

-- --------------------------------------------------------

--
-- Structure de la table `age_group`
--

CREATE TABLE IF NOT EXISTS `age_group` (
  `age_group_id` int(11) NOT NULL DEFAULT '0',
  `age_min` double DEFAULT '0',
  `age_max` double DEFAULT '0',
  `age_range` varchar(50) DEFAULT NULL,
  PRIMARY KEY (`age_group_id`)
) ENGINE=MyISAM DEFAULT CHARSET=latin1;

--
-- Contenu de la table `age_group`
--

INSERT INTO `age_group` (`age_group_id`, `age_min`, `age_max`, `age_range`) VALUES
(1, 18, 30, '18-30'),
(2, 31, 60, '30-60'),
(3, 61, 100, 'Over 60');

-- --------------------------------------------------------

--
-- Structure de la table `city`
--

CREATE TABLE IF NOT EXISTS `city` (
  `city_id` int(11) NOT NULL DEFAULT '0',
  `city` varchar(50) DEFAULT NULL,
  `region_id` int(11) DEFAULT '0',
  PRIMARY KEY (`city_id`)
) ENGINE=MyISAM DEFAULT CHARSET=latin1;

--
-- Contenu de la table `city`
--

INSERT INTO `city` (`city_id`, `city`, `region_id`) VALUES
(10, 'Houston', 20),
(11, 'Dallas', 20),
(12, 'San Francisco', 21),
(13, 'Los Angeles', 21),
(14, 'San Diego', 21),
(15, 'Chicago', 23),
(16, 'Memphis', 23),
(17, 'New York City', 22),
(18, 'Boston', 22),
(19, 'Washington D.C.', 22),
(20, 'Paris', 30),
(21, 'Versailles', 30),
(22, 'Fontainebleau', 30),
(23, 'Lyon', 31),
(24, 'Grenoble', 31),
(25, 'Albertville', 31),
(27, 'Nice', 32),
(28, 'Marseilles', 32),
(29, 'Bordeaux', 32),
(30, 'Swansea', 40),
(31, 'Glasgow', 41),
(32, 'Edinburgh', 41),
(33, 'Belfast', 42),
(34, 'Londonderry', 42),
(35, 'London', 43),
(36, 'Oxford', 43),
(37, 'Manchester', 43),
(38, 'Cardiff', 40),
(40, 'Amsterdam', 51),
(41, 'Utrecht', 51),
(42, 'Rotterdam', 50),
(43, 'Eindhoven', 50),
(50, 'Dusseldorf', 60),
(51, 'Cologne', 60),
(52, 'Munich', 61),
(53, 'Dresden', 62),
(54, 'Magdeburg', 62),
(55, 'Berlin', 62),
(56, 'Augsburg', 61),
(60, 'Sidney', 70),
(61, 'Canberra', 70),
(62, 'Melbourne', 71),
(63, 'Brisbane', 72),
(64, 'Gold Coast', 72),
(70, 'Tokyo', 80),
(71, 'Yokohama', 80),
(72, 'Osaka', 81),
(73, 'Kyoto', 81),
(74, 'Kobe', 81);

-- --------------------------------------------------------

--
-- Structure de la table `country`
--

CREATE TABLE IF NOT EXISTS `country` (
  `country_id` int(11) NOT NULL DEFAULT '0',
  `country` varchar(50) DEFAULT NULL,
  PRIMARY KEY (`country_id`)
) ENGINE=MyISAM DEFAULT CHARSET=latin1;

--
-- Contenu de la table `country`
--

INSERT INTO `country` (`country_id`, `country`) VALUES
(1, 'US'),
(2, 'France'),
(3, 'UK'),
(4, 'Germany'),
(5, 'Japan'),
(6, 'Australia'),
(7, 'Holland');

-- --------------------------------------------------------

--
-- Structure de la table `customer`
--

CREATE TABLE IF NOT EXISTS `customer` (
  `cust_id` int(11) NOT NULL DEFAULT '0',
  `first_name` varchar(50) DEFAULT NULL,
  `last_name` varchar(50) DEFAULT NULL,
  `age` double DEFAULT '0',
  `phone_number` varchar(50) DEFAULT NULL,
  `address` varchar(50) DEFAULT NULL,
  `city_id` int(11) DEFAULT '0',
  `sales_id` int(11) DEFAULT '0',
  `sponsor_id` int(11) DEFAULT '0',
  PRIMARY KEY (`cust_id`)
) ENGINE=MyISAM DEFAULT CHARSET=latin1;

--
-- Contenu de la table `customer`
--

INSERT INTO `customer` (`cust_id`, `first_name`, `last_name`, `age`, `phone_number`, `address`, `city_id`, `sales_id`, `sponsor_id`) VALUES
(101, 'Paul', 'Brendt', 19, '(212) 555 2146', '10 Jasper Blvd.', 17, 0, 0),
(102, 'Robin', 'McCarthy', 29, '(214) 555 3075', '27 Pasadena Drive', 11, 0, 104),
(103, 'Peter', 'Travis', 34, '(510) 555 4448', '7835 Hartford Drive', 12, 0, 0),
(104, 'Joe', 'Larson', 45, '(213) 555 5095', '87 Carmel Blvd.', 13, 12, 0),
(105, 'Tony', 'Goldschmidt', 55, '(619) 555 6529', '91 Torre drive', 14, 0, 0),
(106, 'William', 'Baker', 64, '(312) 555 7040', '2890 Grant Avenue', 15, 12, 104),
(107, 'Jack', 'Swenson', 74, '(202) 555 8125', '64 Imagination Drive', 19, 0, 0),
(201, 'Jean', 'Sartois', 19, '79 23 26 23', '71 rue Rousseau', 25, 0, 0),
(202, 'Philippe', 'Michaud', 22, '78 21 86 20', '197 impasse Renoir', 23, 22, 204),
(203, 'Christian', 'Robert', 38, '42 25 27 29', '1rue Cezanne', 28, 0, 0),
(204, 'Christine', 'Martin', 42, '25 26 46 26', '12 allee Victor Hugo', 24, 21, 0),
(205, 'Luc', 'Piaget', 56, '53 42 24 28', '38 allee des Saules', 29, 0, 0),
(206, 'Michele', 'Gentil', 67, '65 62 26 13', '17montee des Chenes', 25, 0, 204),
(207, 'Marie-Chantale', 'Dupont', 72, '46 72 23 53', '37 rue Murat', 20, 0, 0),
(301, 'Caroline', 'Edwards', 18, '243 867945', '68 Downing Street', 35, 0, 0),
(302, 'Justin', 'Marlow', 29, '653 643634', '290 Yorkshire Drive', 32, 0, 304),
(303, 'John', 'Wilson', 34, '158 746231', '28 Sutton Row', 33, 0, 0),
(304, 'George', 'McCartney', 47, '323 768678', '45 Glenthorne Road', 34, 31, 0),
(305, 'Hariett', 'Keegan', 56, '566 344643', '10 Hamilton Park', 35, 0, 0),
(306, 'Mary', 'Jones', 68, '143 546456', '34 Apple Grove', 36, 0, 0),
(307, 'Priscilla', 'Hopkins', 73, '634 634643', 'The Gables', 38, 0, 0),
(401, 'Erika', 'Diemers', 18, '23 5345', 'Wiesenstraße 40', 51, 41, 0),
(402, 'Jurgen', 'Schiller', 24, '14 2352', 'Auf dem Rain 4', 52, 0, 404),
(403, 'Adolph', 'Durnstein', 36, '74 5464', 'Thomashof 22', 53, 0, 0),
(404, 'Hans', 'Weimar', 45, '34 6636', 'Goethering 33', 54, 41, 0),
(405, 'Herbert', 'Schultz', 59, '25 6346', 'Am Holzbach 17', 55, 0, 0),
(406, 'Silke', 'Titzman', 63, '23 5463', 'Berliner Ring 56', 56, 0, 0),
(407, 'Heineke', 'Reinman', 72, '23 4646', 'Yorkstraße 75', 55, 0, 0),
(501, 'Toshihijo', 'Arai', 18, '3478 4597', '941 Toyota Ave', 70, 0, 0),
(502, 'Mariko', 'Kamata', 24, '5768 7462', '70 Kiroto Street', 71, 0, 504),
(503, 'Satoru', 'Kamimura', 38, '2647 5684', '34 Kawasaki Avenue', 72, 51, 0),
(504, 'Tatsuo', 'Makino', 45, '3441 3486', '2435 Toyota Ave', 70, 50, 0),
(505, 'Masayuki', 'Mukumoto', 59, '3482 7691', '59 Yamamoto Blvd', 73, 0, 0),
(506, 'Kenji', 'Oneda', 68, '5183 9463', '94 Toyota Blvd', 70, 50, 504),
(507, 'Isao', 'Okumura', 74, '4892 8371', '3 Toyota Ave', 74, 0, 0);

-- --------------------------------------------------------

--
-- Structure de la table `invoice_line`
--

CREATE TABLE IF NOT EXISTS `invoice_line` (
  `inv_id` int(11) DEFAULT '0',
  `service_id` int(11) DEFAULT '0',
  `days` double DEFAULT '0',
  `nb_guests` double DEFAULT '0'
) ENGINE=MyISAM DEFAULT CHARSET=latin1;

--
-- Contenu de la table `invoice_line`
--

INSERT INTO `invoice_line` (`inv_id`, `service_id`, `days`, `nb_guests`) VALUES
(23102, 211, 5, 4),
(23102, 221, 5, 3),
(23104, 212, 3, 6),
(23104, 232, 4, 3),
(23106, 213, 4, 7),
(23106, 223, 4, 4),
(23112, 211, 7, 4),
(23112, 231, 6, 4),
(23114, 212, 5, 3),
(23114, 222, 4, 3),
(23116, 213, 6, 6),
(23116, 233, 4, 4),
(23122, 211, 7, 4),
(23122, 221, 7, 4),
(23124, 212, 5, 4),
(23124, 232, 4, 3),
(23126, 213, 6, 5),
(23126, 223, 4, 4),
(23202, 211, 5, 6),
(23202, 221, 7, 4),
(23204, 212, 3, 6),
(23204, 232, 5, 3),
(23206, 213, 4, 8),
(23206, 223, 4, 4),
(23212, 211, 7, 4),
(23212, 231, 7, 4),
(23214, 212, 5, 4),
(23214, 222, 5, 3),
(23216, 213, 6, 6),
(23216, 233, 4, 4),
(23222, 211, 7, 4),
(23222, 221, 7, 4),
(23224, 212, 5, 4),
(23224, 232, 5, 3),
(23226, 213, 6, 6),
(23226, 223, 4, 4),
(23302, 211, 5, 7),
(23302, 221, 8, 4),
(23304, 212, 3, 6),
(23304, 232, 6, 3),
(23306, 213, 4, 9),
(23306, 223, 4, 4),
(23312, 211, 7, 4),
(23312, 231, 7, 4),
(23314, 212, 5, 4),
(23314, 222, 5, 3),
(23316, 213, 6, 6),
(23316, 233, 4, 4),
(23322, 211, 7, 4),
(23322, 221, 8, 4),
(23324, 212, 5, 4),
(23324, 232, 5, 3),
(23326, 213, 6, 6),
(23326, 223, 4, 4),
(23402, 211, 5, 6),
(23402, 221, 7, 4),
(23404, 212, 3, 6),
(23404, 232, 5, 3),
(23406, 213, 4, 8),
(23406, 223, 4, 4),
(23412, 211, 7, 4),
(23412, 231, 6, 4),
(23414, 212, 7, 4),
(23414, 222, 4, 4),
(23416, 213, 4, 4),
(23416, 233, 3, 4),
(23422, 211, 4, 6),
(23422, 221, 4, 4),
(23424, 212, 5, 4),
(23424, 232, 4, 4),
(23426, 213, 7, 4),
(23426, 223, 6, 4),
(24102, 211, 5, 6),
(24102, 221, 7, 4),
(24104, 212, 4, 6),
(24104, 232, 6, 3),
(24106, 213, 4, 8),
(24106, 223, 4, 4),
(24112, 211, 7, 4),
(24112, 231, 7, 4),
(24114, 212, 6, 4),
(24114, 222, 6, 3),
(24116, 213, 6, 6),
(24116, 233, 4, 4),
(24122, 211, 7, 4),
(24122, 221, 7, 4),
(24124, 212, 6, 4),
(24124, 232, 6, 3),
(24126, 213, 6, 6),
(24126, 223, 4, 4),
(24202, 211, 5, 7),
(24202, 221, 7, 4),
(24204, 212, 4, 7),
(24204, 232, 6, 3),
(24206, 213, 4, 8),
(24206, 223, 5, 4),
(24212, 211, 7, 5),
(24212, 231, 7, 4),
(24214, 212, 6, 4),
(24214, 222, 6, 3),
(24216, 213, 6, 6),
(24216, 233, 4, 4),
(24222, 211, 7, 4),
(24222, 221, 7, 4),
(24224, 212, 6, 4),
(24224, 232, 6, 3),
(24226, 213, 6, 7),
(24226, 223, 4, 4),
(24302, 211, 5, 6),
(24302, 221, 7, 4),
(24304, 212, 4, 6),
(24304, 232, 5, 3),
(24306, 213, 4, 8),
(24306, 223, 4, 4),
(24312, 211, 7, 4),
(24312, 231, 8, 4),
(24314, 212, 6, 4),
(24314, 222, 6, 3),
(24316, 213, 6, 6),
(24316, 233, 4, 4),
(24322, 211, 7, 4),
(24322, 221, 7, 4),
(24324, 212, 6, 4),
(24324, 232, 6, 3),
(24326, 213, 6, 6),
(24326, 223, 4, 4),
(24402, 211, 5, 5),
(24402, 221, 7, 4),
(24404, 212, 4, 6),
(24404, 232, 7, 3),
(24406, 213, 4, 8),
(24406, 223, 4, 4),
(24412, 211, 7, 3),
(24412, 231, 8, 3),
(24414, 212, 7, 4),
(24414, 222, 4, 4),
(24416, 213, 4, 3),
(24416, 233, 4, 3),
(24422, 211, 4, 6),
(24422, 221, 5, 4),
(24424, 212, 4, 4),
(24424, 232, 7, 4),
(24426, 213, 7, 4),
(24426, 223, 7, 4),
(25102, 211, 6, 6),
(25102, 221, 7, 4),
(25104, 212, 5, 6),
(25104, 232, 5, 3),
(25106, 213, 6, 9),
(25106, 223, 7, 4),
(25112, 211, 6, 2),
(25112, 231, 7, 4),
(25114, 212, 7, 5),
(25114, 222, 6, 3),
(25116, 213, 6, 4),
(25116, 233, 6, 4),
(25122, 211, 6, 4),
(25122, 221, 5, 4),
(25124, 212, 5, 4),
(25124, 232, 5, 3),
(25126, 213, 4, 7),
(25126, 223, 4, 4),
(25202, 211, 6, 5),
(25202, 221, 4, 4),
(25204, 212, 5, 4),
(25204, 232, 5, 3),
(25206, 213, 6, 8),
(25206, 223, 4, 7),
(25212, 211, 5, 5),
(25212, 231, 7, 5),
(25214, 212, 4, 4),
(25214, 222, 3, 3),
(25216, 213, 4, 5),
(25216, 233, 4, 4),
(25222, 211, 8, 3),
(25222, 221, 7, 4),
(25224, 212, 7, 6),
(25224, 232, 6, 3),
(25226, 213, 6, 6),
(25226, 223, 4, 4),
(25302, 211, 7, 6),
(25302, 221, 7, 6),
(25304, 212, 7, 6),
(25304, 232, 5, 5),
(25306, 213, 6, 8),
(25306, 223, 4, 4),
(25312, 211, 7, 4),
(25312, 231, 7, 4),
(25314, 212, 8, 4),
(25314, 222, 6, 3),
(25316, 213, 4, 4),
(25316, 233, 4, 4),
(25322, 211, 6, 4),
(25322, 221, 7, 4),
(25324, 212, 5, 4),
(25324, 232, 5, 3),
(25326, 213, 4, 6),
(25326, 223, 4, 5),
(25350, 221, 4, 3),
(25351, 221, 7, 8),
(25352, 221, 5, 6),
(25353, 221, 6, 7),
(25354, 221, 5, 5),
(25355, 221, 4, 3),
(25356, 221, 6, 4),
(25357, 221, 7, 5),
(25358, 221, 5, 4),
(25402, 211, 6, 4),
(25402, 221, 7, 4),
(25404, 212, 7, 7),
(25404, 232, 6, 3),
(25406, 213, 6, 8),
(25406, 223, 7, 4),
(25412, 211, 7, 3),
(25412, 231, 7, 3),
(25414, 212, 7, 4),
(25414, 222, 7, 4),
(25416, 213, 5, 6),
(25416, 233, 6, 4),
(25422, 211, 4, 6),
(25422, 221, 4, 4),
(25424, 212, 7, 5),
(25424, 232, 8, 4),
(25426, 213, 4, 5),
(25426, 223, 4, 4),
(25450, 221, 7, 5),
(25451, 221, 6, 8),
(25452, 221, 5, 6),
(25453, 221, 6, 7),
(25454, 221, 5, 5),
(25455, 221, 7, 6),
(25456, 221, 6, 7),
(25457, 221, 5, 5),
(25458, 221, 7, 6),
(33102, 311, 7, 3),
(33102, 321, 7, 3),
(33104, 312, 8, 4),
(33104, 332, 8, 4),
(33106, 313, 6, 6),
(33106, 323, 4, 4),
(33112, 311, 7, 3),
(33112, 331, 7, 3),
(33114, 312, 8, 4),
(33114, 322, 8, 4),
(33116, 313, 6, 6),
(33116, 333, 4, 4),
(33122, 311, 7, 3),
(33122, 321, 7, 3),
(33124, 312, 8, 4),
(33124, 332, 7, 4),
(33126, 313, 6, 6),
(33126, 323, 4, 4),
(33202, 311, 7, 4),
(33202, 321, 6, 3),
(33204, 312, 8, 4),
(33204, 332, 6, 4),
(33206, 313, 6, 7),
(33206, 323, 4, 3),
(33212, 311, 7, 4),
(33212, 331, 7, 3),
(33214, 312, 8, 4),
(33214, 322, 8, 4),
(33216, 313, 6, 6),
(33216, 333, 4, 4),
(33222, 311, 7, 4),
(33222, 321, 7, 4),
(33224, 312, 8, 5),
(33224, 332, 8, 5),
(33226, 313, 6, 7),
(33226, 323, 4, 5),
(33302, 311, 8, 3),
(33302, 321, 8, 3),
(33304, 312, 10, 4),
(33304, 332, 10, 4),
(33306, 313, 6, 6),
(33306, 323, 4, 4),
(33312, 311, 7, 3),
(33312, 331, 7, 3),
(33314, 312, 9, 4),
(33314, 322, 8, 4),
(33316, 313, 6, 6),
(33316, 333, 4, 4),
(33322, 311, 8, 3),
(33322, 321, 7, 3),
(33324, 312, 8, 4),
(33324, 332, 8, 4),
(33326, 313, 6, 6),
(33326, 323, 4, 4),
(33402, 311, 7, 3),
(33402, 321, 7, 3),
(33404, 312, 8, 3),
(33404, 332, 8, 3),
(33406, 313, 6, 5),
(33406, 323, 4, 4),
(33412, 311, 7, 3),
(33412, 331, 7, 3),
(33414, 312, 7, 3),
(33414, 322, 4, 3),
(33416, 313, 4, 3),
(33416, 333, 4, 3),
(33422, 311, 6, 6),
(33422, 321, 4, 4),
(33424, 312, 4, 3),
(33424, 332, 7, 2),
(33426, 313, 7, 2),
(33426, 323, 7, 2),
(34102, 311, 6, 2),
(34102, 321, 6, 2),
(34104, 312, 8, 4),
(34104, 332, 8, 4),
(34106, 313, 6, 6),
(34106, 323, 4, 4),
(34112, 311, 6, 2),
(34112, 331, 6, 2),
(34114, 312, 8, 4),
(34114, 322, 8, 4),
(34116, 313, 6, 6),
(34116, 333, 4, 4),
(34122, 311, 6, 2),
(34122, 321, 6, 2),
(34124, 312, 8, 4),
(34124, 332, 8, 4),
(34126, 313, 6, 6),
(34126, 323, 4, 4),
(34202, 311, 6, 3),
(34202, 321, 6, 2),
(34204, 312, 8, 4),
(34204, 332, 8, 4),
(34206, 313, 6, 7),
(34206, 323, 4, 4),
(34212, 311, 6, 3),
(34212, 331, 6, 2),
(34214, 312, 8, 4),
(34214, 322, 8, 4),
(34216, 313, 6, 6),
(34216, 333, 4, 4),
(34222, 311, 6, 3),
(34222, 321, 6, 3),
(34224, 312, 8, 5),
(34224, 332, 8, 5),
(34226, 313, 6, 7),
(34226, 323, 4, 5),
(34302, 311, 6, 2),
(34302, 321, 6, 2),
(34304, 312, 8, 4),
(34304, 332, 8, 4),
(34306, 313, 6, 6),
(34306, 323, 4, 4),
(34312, 311, 7, 2),
(34312, 331, 6, 2),
(34314, 312, 10, 4),
(34314, 322, 8, 4),
(34316, 313, 6, 6),
(34316, 333, 4, 4),
(34322, 311, 8, 2),
(34322, 321, 6, 2),
(34324, 312, 10, 4),
(34324, 332, 8, 4),
(34326, 313, 7, 6),
(34326, 323, 4, 4),
(34402, 311, 7, 3),
(34402, 321, 7, 2),
(34404, 312, 8, 4),
(34404, 332, 8, 4),
(34406, 313, 6, 6),
(34406, 323, 4, 4),
(34412, 311, 6, 2),
(34412, 331, 6, 2),
(34414, 312, 6, 2),
(34414, 322, 4, 4),
(34416, 313, 4, 4),
(34416, 333, 4, 4),
(34422, 311, 6, 6),
(34422, 321, 4, 4),
(34424, 312, 4, 4),
(34424, 332, 6, 2),
(34426, 313, 6, 2),
(34426, 323, 6, 2),
(35102, 311, 6, 2),
(35102, 321, 6, 2),
(35104, 312, 7, 3),
(35104, 332, 7, 3),
(35106, 313, 6, 5),
(35106, 323, 4, 4),
(35112, 311, 6, 2),
(35112, 331, 6, 2),
(35114, 312, 7, 4),
(35114, 322, 7, 4),
(35116, 313, 6, 6),
(35116, 333, 4, 4),
(35122, 311, 6, 2),
(35122, 321, 6, 2),
(35124, 312, 7, 4),
(35124, 332, 7, 4),
(35126, 313, 6, 5),
(35126, 323, 4, 4),
(35202, 311, 6, 3),
(35202, 321, 6, 2),
(35204, 312, 7, 4),
(35204, 332, 7, 4),
(35206, 313, 6, 7),
(35206, 323, 4, 4),
(35212, 311, 6, 3),
(35212, 331, 6, 2),
(35214, 312, 7, 4),
(35214, 322, 7, 4),
(35216, 313, 6, 6),
(35216, 333, 4, 4),
(35222, 311, 6, 3),
(35222, 321, 6, 3),
(35224, 312, 7, 5),
(35224, 332, 7, 5),
(35226, 313, 6, 7),
(35226, 323, 4, 5),
(35302, 311, 6, 2),
(35302, 321, 6, 2),
(35304, 312, 7, 4),
(35304, 332, 7, 4),
(35306, 313, 6, 6),
(35306, 323, 4, 4),
(35312, 311, 6, 3),
(35312, 331, 6, 2),
(35314, 312, 7, 5),
(35314, 322, 7, 4),
(35316, 313, 6, 6),
(35316, 333, 4, 4),
(35322, 311, 6, 3),
(35322, 321, 6, 2),
(35324, 312, 7, 4),
(35324, 332, 7, 4),
(35326, 313, 6, 6),
(35326, 323, 4, 4),
(35402, 311, 6, 2),
(35402, 321, 6, 2),
(35404, 312, 7, 4),
(35404, 332, 7, 4),
(35406, 313, 6, 6),
(35406, 323, 4, 4),
(35412, 311, 6, 2),
(35412, 331, 6, 2),
(35414, 312, 6, 2),
(35414, 322, 4, 3),
(35416, 313, 4, 4),
(35416, 333, 4, 4),
(35422, 311, 6, 5),
(35422, 321, 4, 4),
(35424, 312, 4, 4),
(35424, 332, 6, 2),
(35426, 313, 6, 2),
(35426, 323, 6, 2),
(43102, 411, 9, 5),
(43102, 421, 9, 5),
(43104, 412, 10, 4),
(43104, 432, 10, 4),
(43106, 413, 6, 6),
(43106, 423, 4, 4),
(43112, 411, 12, 5),
(43112, 431, 12, 5),
(43114, 412, 8, 4),
(43114, 422, 8, 4),
(43116, 413, 6, 6),
(43116, 433, 4, 4),
(43122, 411, 8, 5),
(43122, 421, 6, 5),
(43124, 412, 10, 4),
(43124, 432, 10, 4),
(43126, 413, 6, 6),
(43126, 423, 4, 4),
(43202, 411, 12, 5),
(43202, 421, 12, 5),
(43204, 412, 10, 4),
(43204, 432, 10, 4),
(43206, 413, 6, 6),
(43206, 423, 4, 4),
(43212, 411, 12, 4),
(43212, 431, 12, 4),
(43214, 412, 10, 3),
(43214, 422, 10, 3),
(43216, 413, 6, 5),
(43216, 433, 4, 3),
(43222, 411, 12, 4),
(43222, 421, 12, 4),
(43224, 412, 10, 3),
(43224, 432, 10, 3),
(43226, 413, 6, 5),
(43226, 423, 4, 3),
(43302, 411, 12, 5),
(43302, 421, 12, 5),
(43304, 412, 10, 4),
(43304, 432, 10, 4),
(43306, 413, 6, 6),
(43306, 423, 4, 4),
(43312, 411, 12, 5),
(43312, 431, 12, 5),
(43314, 412, 10, 4),
(43314, 422, 10, 4),
(43316, 413, 6, 6),
(43316, 433, 4, 4),
(43322, 411, 12, 5),
(43322, 421, 12, 5),
(43324, 412, 10, 4),
(43324, 432, 10, 4),
(43326, 413, 6, 6),
(43326, 423, 4, 4),
(43402, 411, 12, 6),
(43402, 421, 12, 6),
(43404, 412, 10, 5),
(43404, 432, 10, 5),
(43406, 413, 6, 7),
(43406, 423, 4, 5),
(43412, 411, 12, 5),
(43412, 431, 12, 5),
(43414, 412, 4, 4),
(43414, 422, 4, 4),
(43416, 413, 6, 6),
(43416, 433, 4, 4),
(43422, 411, 12, 5),
(43422, 421, 12, 5),
(43424, 412, 4, 4),
(43424, 432, 4, 4),
(43426, 413, 6, 6),
(43426, 423, 4, 4),
(44102, 411, 12, 5),
(44102, 421, 12, 5),
(44104, 412, 10, 4),
(44104, 432, 10, 4),
(44106, 413, 6, 7),
(44106, 423, 4, 6),
(44112, 411, 8, 5),
(44112, 431, 8, 5),
(44114, 412, 7, 4),
(44114, 422, 7, 4),
(44116, 413, 6, 7),
(44116, 433, 4, 6),
(44122, 411, 12, 5),
(44122, 421, 12, 5),
(44124, 412, 9, 4),
(44124, 432, 9, 4),
(44126, 413, 6, 7),
(44126, 423, 4, 6),
(44202, 411, 12, 5),
(44202, 421, 12, 5),
(44204, 412, 10, 4),
(44204, 432, 10, 4),
(44206, 413, 6, 7),
(44206, 423, 4, 6),
(44212, 411, 12, 4),
(44212, 431, 12, 4),
(44214, 412, 10, 3),
(44214, 422, 10, 3),
(44216, 413, 6, 6),
(44216, 433, 4, 5),
(44222, 411, 12, 4),
(44222, 421, 12, 4),
(44224, 412, 10, 3),
(44224, 432, 10, 3),
(44226, 413, 6, 6),
(44226, 423, 4, 5),
(44302, 411, 12, 5),
(44302, 421, 12, 5),
(44304, 412, 10, 4),
(44304, 432, 10, 4),
(44306, 413, 6, 7),
(44306, 423, 4, 6),
(44312, 411, 12, 5),
(44312, 431, 12, 5),
(44314, 412, 10, 4),
(44314, 422, 10, 4),
(44316, 413, 6, 7),
(44316, 433, 4, 6),
(44322, 411, 12, 5),
(44322, 421, 12, 5),
(44324, 412, 10, 4),
(44324, 432, 10, 4),
(44326, 413, 6, 7),
(44326, 423, 4, 6),
(44402, 411, 12, 6),
(44402, 421, 12, 6),
(44404, 412, 15, 5),
(44404, 432, 12, 5),
(44406, 413, 6, 8),
(44406, 423, 4, 7),
(44412, 411, 12, 5),
(44412, 431, 12, 5),
(44414, 412, 8, 4),
(44414, 422, 7, 4),
(44416, 413, 6, 6),
(44416, 433, 4, 4),
(44422, 411, 12, 5),
(44422, 421, 12, 5),
(44424, 412, 5, 4),
(44424, 432, 5, 4),
(44426, 413, 6, 6),
(44426, 423, 4, 4),
(45102, 411, 11, 5),
(45102, 421, 11, 5),
(45104, 412, 8, 4),
(45104, 432, 8, 4),
(45106, 413, 6, 6),
(45106, 423, 4, 4),
(45112, 411, 12, 5),
(45112, 431, 12, 5),
(45114, 412, 10, 4),
(45114, 422, 10, 4),
(45116, 413, 6, 4),
(45116, 433, 4, 4),
(45122, 411, 12, 4),
(45122, 421, 12, 4),
(45124, 412, 10, 4),
(45124, 432, 10, 4),
(45126, 413, 6, 6),
(45126, 423, 4, 4),
(45202, 411, 12, 5),
(45202, 421, 12, 5),
(45204, 412, 10, 4),
(45204, 432, 10, 4),
(45206, 413, 6, 6),
(45206, 423, 4, 4),
(45212, 411, 12, 4),
(45212, 431, 12, 4),
(45214, 412, 10, 3),
(45214, 422, 10, 3),
(45216, 413, 6, 5),
(45216, 433, 4, 3),
(45222, 411, 12, 4),
(45222, 421, 12, 4),
(45224, 412, 10, 3),
(45224, 432, 10, 3),
(45226, 413, 6, 5),
(45226, 423, 4, 3),
(45302, 411, 12, 6),
(45302, 421, 12, 5),
(45304, 412, 10, 4),
(45304, 432, 10, 4),
(45306, 413, 6, 6),
(45306, 423, 4, 4),
(45312, 411, 12, 4),
(45312, 431, 12, 5),
(45314, 412, 10, 4),
(45314, 422, 10, 4),
(45316, 413, 6, 6),
(45316, 433, 4, 4),
(45322, 411, 12, 5),
(45322, 421, 12, 5),
(45324, 412, 10, 4),
(45324, 432, 10, 4),
(45326, 413, 6, 6),
(45326, 423, 4, 4),
(45402, 411, 12, 6),
(45402, 421, 12, 6),
(45404, 412, 10, 5),
(45404, 432, 10, 5),
(45406, 413, 6, 7),
(45406, 423, 4, 5),
(45412, 411, 10, 7),
(45412, 431, 10, 7),
(45414, 412, 4, 4),
(45414, 422, 4, 4),
(45416, 413, 6, 6),
(45416, 433, 4, 4),
(45422, 411, 8, 5),
(45422, 421, 8, 5),
(45424, 412, 4, 4),
(45424, 432, 4, 4),
(45426, 413, 6, 6),
(45426, 423, 4, 4);

-- --------------------------------------------------------

--
-- Structure de la table `region`
--

CREATE TABLE IF NOT EXISTS `region` (
  `region_id` int(11) NOT NULL DEFAULT '0',
  `region` varchar(50) DEFAULT NULL,
  `country_id` int(11) DEFAULT '0',
  PRIMARY KEY (`region_id`)
) ENGINE=MyISAM DEFAULT CHARSET=latin1;

--
-- Contenu de la table `region`
--

INSERT INTO `region` (`region_id`, `region`, `country_id`) VALUES
(20, 'South', 1),
(21, 'West', 1),
(22, 'East Coast', 1),
(23, 'Mid West', 1),
(30, 'Paris', 2),
(31, 'French Alps', 2),
(32, 'Provence', 2),
(33, 'Normandy', 2),
(40, 'Wales', 3),
(41, 'Scotland', 3),
(42, 'Northern Ireland', 3),
(43, 'England', 3),
(50, 'South Holland', 7),
(51, 'North Holland', 7),
(60, 'Ruhr', 4),
(61, 'Bavaria', 4),
(62, 'East Germany', 4),
(70, 'South Wales', 6),
(71, 'Victoria', 6),
(72, 'Queensland', 6),
(80, 'East Japan', 5),
(81, 'West Japan', 5);

-- --------------------------------------------------------

--
-- Structure de la table `region_sline`
--

CREATE TABLE IF NOT EXISTS `region_sline` (
  `sl_id` int(11) NOT NULL DEFAULT '0',
  `region_id` int(11) NOT NULL DEFAULT '0',
  `sales_revenue` double DEFAULT '0'
) ENGINE=MyISAM DEFAULT CHARSET=latin1;

--
-- Contenu de la table `region_sline`
--

INSERT INTO `region_sline` (`sl_id`, `region_id`, `sales_revenue`) VALUES
(11, 20, 10000),
(11, 21, 15000),
(11, 22, 20000),
(11, 23, 5000),
(11, 30, 20000),
(11, 31, 10000),
(11, 32, 5000),
(11, 33, 6000),
(12, 20, 5000),
(12, 21, 10000),
(12, 22, 15000),
(12, 23, 1000),
(12, 30, 15000),
(12, 31, 5000),
(12, 32, 6000),
(12, 33, 4000),
(13, 20, 0),
(13, 21, 0),
(13, 22, 0),
(13, 23, 0),
(13, 30, 0),
(13, 31, 0),
(13, 32, 0),
(13, 33, 0),
(21, 20, 0),
(21, 21, 0),
(21, 22, 0),
(21, 23, 0),
(21, 30, 0),
(21, 31, 0),
(21, 32, 0),
(21, 33, 0),
(22, 20, 0),
(22, 21, 0),
(22, 22, 0),
(22, 23, 0),
(22, 30, 0),
(22, 31, 0),
(22, 32, 0),
(22, 33, 0),
(23, 20, 0),
(23, 21, 0),
(23, 22, 0),
(23, 23, 0),
(23, 30, 0),
(23, 31, 0),
(23, 32, 0),
(23, 33, 0),
(31, 20, 0),
(32, 20, 0),
(33, 20, 0),
(41, 20, 0),
(42, 20, 0),
(43, 20, 0),
(51, 20, 0),
(52, 20, 0),
(53, 20, 0),
(53, 21, 0),
(53, 22, 0),
(53, 23, 0),
(53, 30, 0),
(53, 31, 0),
(53, 32, 0),
(53, 33, 0);

-- --------------------------------------------------------

--
-- Structure de la table `reservations`
--

CREATE TABLE IF NOT EXISTS `reservations` (
  `res_id` int(11) NOT NULL DEFAULT '0',
  `cust_id` int(11) DEFAULT '0',
  `res_date` datetime DEFAULT NULL,
  PRIMARY KEY (`res_id`)
) ENGINE=MyISAM DEFAULT CHARSET=latin1;

--
-- Contenu de la table `reservations`
--

INSERT INTO `reservations` (`res_id`, `cust_id`, `res_date`) VALUES
(6050, 202, '2001-02-18 00:00:00'),
(6100, 303, '2001-03-12 00:00:00'),
(6150, 404, '2001-01-15 00:00:00'),
(6200, 505, '2001-02-23 00:00:00'),
(6250, 106, '2001-04-17 00:00:00'),
(6300, 207, '2001-05-21 00:00:00'),
(6350, 301, '2001-06-27 00:00:00'),
(6400, 402, '2001-04-12 00:00:00'),
(6450, 503, '2001-05-03 00:00:00'),
(6550, 205, '2001-08-23 00:00:00'),
(6600, 306, '2001-09-10 00:00:00'),
(6650, 407, '2001-07-26 00:00:00'),
(6800, 204, '2001-11-06 00:00:00'),
(6850, 305, '2001-12-15 00:00:00'),
(6900, 406, '2001-10-28 00:00:00'),
(7001, 203, '2001-02-09 00:00:00'),
(7050, 304, '2001-03-12 00:00:00'),
(7051, 405, '2001-01-12 00:00:00'),
(7100, 506, '2001-02-22 00:00:00'),
(7101, 107, '2002-03-22 00:00:00'),
(7150, 202, '2002-01-14 00:00:00'),
(7151, 303, '2002-02-14 00:00:00'),
(7200, 404, '2002-02-07 00:00:00'),
(7201, 505, '2002-03-07 00:00:00'),
(7250, 106, '2002-04-08 00:00:00'),
(7251, 207, '2002-05-08 00:00:00'),
(7300, 302, '2002-05-22 00:00:00'),
(7301, 403, '2002-05-22 00:00:00'),
(7351, 105, '2002-04-01 00:00:00'),
(7400, 206, '2002-04-23 00:00:00'),
(7401, 307, '2002-05-23 00:00:00'),
(7450, 402, '2002-05-15 00:00:00'),
(7451, 503, '2002-06-15 00:00:00'),
(7501, 205, '2001-08-04 00:00:00'),
(7550, 306, '2001-08-12 00:00:00'),
(7551, 407, '2001-09-12 00:00:00'),
(7650, 204, '2002-07-04 00:00:00'),
(7651, 305, '2003-08-04 00:00:00'),
(7700, 406, '2003-08-25 00:00:00'),
(7751, 203, '2003-11-23 00:00:00'),
(7850, 304, '2003-12-08 00:00:00'),
(7851, 405, '2003-10-08 00:00:00'),
(7900, 506, '2003-10-14 00:00:00'),
(7901, 107, '2003-11-14 00:00:00'),
(7950, 202, '2003-11-02 00:00:00'),
(7951, 303, '2003-12-02 00:00:00'),
(8000, 404, '2003-01-06 00:00:00');

-- --------------------------------------------------------

--
-- Structure de la table `reservation_line`
--

CREATE TABLE IF NOT EXISTS `reservation_line` (
  `res_id` int(11) NOT NULL DEFAULT '0',
  `service_id` int(11) NOT NULL DEFAULT '0',
  `res_days` double DEFAULT '0',
  `future_guests` double DEFAULT '0'
) ENGINE=MyISAM DEFAULT CHARSET=latin1;

--
-- Contenu de la table `reservation_line`
--

INSERT INTO `reservation_line` (`res_id`, `service_id`, `res_days`, `future_guests`) VALUES
(6100, 311, 6, 2),
(6100, 321, 6, 2),
(6150, 411, 6, 1),
(6150, 421, 6, 1),
(6200, 411, 2, 3),
(6200, 421, 2, 3),
(6250, 211, 2, 4),
(6250, 221, 2, 4),
(6300, 211, 7, 2),
(6300, 221, 7, 2),
(6350, 311, 5, 2),
(6350, 321, 5, 2),
(6400, 411, 4, 1),
(6400, 421, 4, 1),
(6550, 211, 4, 5),
(6550, 221, 4, 5),
(6600, 311, 3, 2),
(6600, 321, 3, 2),
(6650, 411, 2, 1),
(6650, 421, 2, 1),
(6800, 211, 6, 1),
(6800, 221, 6, 1),
(6850, 311, 5, 2),
(6850, 321, 5, 2),
(6900, 411, 4, 2),
(6900, 421, 4, 2),
(7001, 231, 1, 3),
(7050, 211, 4, 2),
(7051, 233, 1, 3),
(7100, 312, 2, 1),
(7101, 311, 1, 1),
(7150, 312, 1, 4),
(7151, 411, 2, 3),
(7300, 211, 3, 2),
(7301, 233, 2, 1),
(7351, 431, 3, 2),
(7400, 311, 1, 3),
(7401, 312, 1, 4),
(7450, 311, 2, 2),
(7451, 312, 2, 1),
(7850, 332, 1, 3),
(7851, 322, 1, 2),
(7900, 323, 2, 1),
(7901, 311, 2, 2),
(7950, 312, 2, 2),
(7951, 333, 1, 1),
(8000, 333, 1, 3);

-- --------------------------------------------------------

--
-- Structure de la table `resort`
--

CREATE TABLE IF NOT EXISTS `resort` (
  `resort_id` int(11) NOT NULL DEFAULT '0',
  `resort` varchar(50) DEFAULT NULL,
  `country_id` int(11) DEFAULT '0',
  PRIMARY KEY (`resort_id`)
) ENGINE=MyISAM DEFAULT CHARSET=latin1;

--
-- Contenu de la table `resort`
--

INSERT INTO `resort` (`resort_id`, `resort`, `country_id`) VALUES
(1, 'Australian Reef', 6),
(2, 'Bahamas Beach', 1),
(3, 'French Riviera', 2),
(4, 'Hawaiian Club', 1),
(5, 'Royal Caribbean', 1);

-- --------------------------------------------------------

--
-- Structure de la table `sales`
--

CREATE TABLE IF NOT EXISTS `sales` (
  `inv_id` int(11) NOT NULL DEFAULT '0',
  `cust_id` int(11) DEFAULT '0',
  `invoice_date` datetime DEFAULT NULL,
  PRIMARY KEY (`inv_id`)
) ENGINE=MyISAM DEFAULT CHARSET=latin1;

--
-- Contenu de la table `sales`
--

INSERT INTO `sales` (`inv_id`, `cust_id`, `invoice_date`) VALUES
(23102, 102, '1998-01-02 00:00:00'),
(23104, 104, '1998-02-10 00:00:00'),
(23106, 106, '1998-03-20 00:00:00'),
(23112, 402, '1998-01-06 00:00:00'),
(23114, 404, '1998-02-15 00:00:00'),
(23116, 406, '1998-03-25 00:00:00'),
(23122, 502, '1998-01-11 00:00:00'),
(23124, 504, '1998-02-20 00:00:00'),
(23126, 506, '1998-03-30 00:00:00'),
(23202, 101, '1998-04-03 00:00:00'),
(23204, 103, '1998-05-17 00:00:00'),
(23206, 107, '1998-06-19 00:00:00'),
(23212, 401, '1998-04-08 00:00:00'),
(23214, 403, '1998-05-22 00:00:00'),
(23216, 407, '1998-06-24 00:00:00'),
(23222, 501, '1998-04-13 00:00:00'),
(23224, 503, '1998-05-27 00:00:00'),
(23226, 507, '1998-06-29 00:00:00'),
(23302, 102, '1998-07-03 00:00:00'),
(23304, 104, '1998-08-17 00:00:00'),
(23306, 106, '1998-09-19 00:00:00'),
(23312, 402, '1998-07-08 00:00:00'),
(23314, 404, '1998-08-22 00:00:00'),
(23316, 406, '1998-09-24 00:00:00'),
(23322, 502, '1998-07-13 00:00:00'),
(23324, 504, '1998-08-27 00:00:00'),
(23326, 506, '1998-09-29 00:00:00'),
(23402, 102, '1998-10-03 00:00:00'),
(23404, 104, '1998-11-17 00:00:00'),
(23406, 106, '1998-12-19 00:00:00'),
(23412, 402, '1998-10-08 00:00:00'),
(23414, 404, '1998-11-22 00:00:00'),
(23416, 406, '1998-12-24 00:00:00'),
(23422, 502, '1998-10-13 00:00:00'),
(23424, 504, '1998-11-27 00:00:00'),
(23426, 506, '1998-12-29 00:00:00'),
(24102, 102, '1999-01-03 00:00:00'),
(24104, 104, '1999-02-10 00:00:00'),
(24106, 106, '1999-03-20 00:00:00'),
(24112, 402, '1999-01-08 00:00:00'),
(24114, 404, '1999-02-15 00:00:00'),
(24116, 406, '1999-03-25 00:00:00'),
(24122, 502, '1999-01-13 00:00:00'),
(24124, 504, '1999-02-20 00:00:00'),
(24126, 506, '1999-03-30 00:00:00'),
(24202, 102, '1999-04-03 00:00:00'),
(24204, 104, '1999-05-17 00:00:00'),
(24206, 106, '1999-06-19 00:00:00'),
(24212, 402, '1999-04-08 00:00:00'),
(24214, 404, '1999-05-22 00:00:00'),
(24216, 406, '1999-06-24 00:00:00'),
(24222, 502, '1999-04-13 00:00:00'),
(24224, 504, '1999-05-27 00:00:00'),
(24226, 506, '1999-06-29 00:00:00'),
(24302, 102, '1999-07-03 00:00:00'),
(24304, 104, '1999-08-17 00:00:00'),
(24306, 106, '1999-09-19 00:00:00'),
(24312, 402, '1999-07-08 00:00:00'),
(24314, 404, '1999-08-22 00:00:00'),
(24316, 406, '1999-09-24 00:00:00'),
(24322, 502, '1999-07-13 00:00:00'),
(24324, 504, '1999-08-27 00:00:00'),
(24326, 506, '1999-09-29 00:00:00'),
(24402, 102, '1999-10-03 00:00:00'),
(24404, 104, '1999-11-17 00:00:00'),
(24406, 106, '1999-12-19 00:00:00'),
(24412, 402, '1999-10-08 00:00:00'),
(24414, 404, '1999-11-22 00:00:00'),
(24416, 406, '1999-12-24 00:00:00'),
(24422, 502, '1999-10-13 00:00:00'),
(24424, 504, '1999-11-27 00:00:00'),
(24426, 506, '1999-12-29 00:00:00'),
(25102, 102, '2000-01-03 00:00:00'),
(25104, 104, '2000-02-10 00:00:00'),
(25106, 106, '2000-03-20 00:00:00'),
(25112, 402, '2000-01-08 00:00:00'),
(25114, 404, '2000-02-15 00:00:00'),
(25116, 406, '2000-03-25 00:00:00'),
(25122, 502, '2000-01-13 00:00:00'),
(25124, 504, '2000-02-20 00:00:00'),
(25126, 506, '1999-03-30 00:00:00'),
(25202, 102, '2000-04-03 00:00:00'),
(25204, 104, '2000-05-17 00:00:00'),
(25206, 106, '2000-06-19 00:00:00'),
(25212, 402, '2000-04-08 00:00:00'),
(25214, 404, '2000-05-22 00:00:00'),
(25216, 406, '2000-06-24 00:00:00'),
(25222, 502, '2000-04-13 00:00:00'),
(25224, 504, '2000-05-27 00:00:00'),
(25226, 506, '1999-06-29 00:00:00'),
(25302, 102, '2000-07-03 00:00:00'),
(25304, 104, '2000-08-17 00:00:00'),
(25306, 106, '2000-09-19 00:00:00'),
(25312, 402, '2000-07-08 00:00:00'),
(25314, 404, '2000-08-22 00:00:00'),
(25316, 406, '2000-09-24 00:00:00'),
(25322, 502, '2000-07-13 00:00:00'),
(25324, 504, '2000-08-27 00:00:00'),
(25326, 506, '1999-09-29 00:00:00'),
(25350, 105, '2000-07-05 00:00:00'),
(25351, 405, '2000-08-10 00:00:00'),
(25352, 505, '2000-09-15 00:00:00'),
(25353, 105, '2000-07-20 00:00:00'),
(25354, 405, '2000-08-25 00:00:00'),
(25355, 505, '2000-09-30 00:00:00'),
(25356, 105, '2000-07-15 00:00:00'),
(25357, 405, '2000-08-20 00:00:00'),
(25358, 505, '2000-09-25 00:00:00'),
(25402, 102, '2000-10-03 00:00:00'),
(25404, 104, '2000-11-17 00:00:00'),
(25406, 106, '2000-12-19 00:00:00'),
(25412, 402, '2000-10-08 00:00:00'),
(25414, 404, '2000-11-22 00:00:00'),
(25416, 406, '2000-12-24 00:00:00'),
(25422, 502, '2000-10-13 00:00:00'),
(25424, 504, '2000-11-27 00:00:00'),
(25426, 506, '1998-12-29 00:00:00'),
(25450, 105, '2000-10-05 00:00:00'),
(25451, 405, '2000-11-10 00:00:00'),
(25452, 505, '2000-12-15 00:00:00'),
(25453, 105, '2000-10-10 00:00:00'),
(25454, 405, '2000-11-15 00:00:00'),
(25455, 505, '2000-12-20 00:00:00'),
(25456, 105, '2000-10-15 00:00:00'),
(25457, 405, '2000-11-20 00:00:00'),
(25458, 505, '2000-12-25 00:00:00'),
(33102, 102, '1998-01-02 00:00:00'),
(33104, 104, '1998-02-11 00:00:00'),
(33106, 106, '1998-03-21 00:00:00'),
(33112, 402, '1998-01-06 00:00:00'),
(33114, 404, '1998-02-16 00:00:00'),
(33116, 406, '1998-03-26 00:00:00'),
(33122, 502, '1998-01-11 00:00:00'),
(33124, 504, '1998-02-21 00:00:00'),
(33126, 506, '1998-03-31 00:00:00'),
(33202, 102, '1998-04-03 00:00:00'),
(33204, 104, '1998-05-17 00:00:00'),
(33206, 106, '1998-06-19 00:00:00'),
(33212, 402, '1998-04-08 00:00:00'),
(33214, 404, '1998-05-22 00:00:00'),
(33216, 406, '1998-06-24 00:00:00'),
(33222, 502, '1998-04-13 00:00:00'),
(33224, 504, '1998-05-27 00:00:00'),
(33226, 506, '1998-06-29 00:00:00'),
(33302, 102, '1998-07-03 00:00:00'),
(33304, 104, '1998-08-17 00:00:00'),
(33306, 106, '1998-09-19 00:00:00'),
(33312, 402, '1998-07-08 00:00:00'),
(33314, 404, '1998-08-22 00:00:00'),
(33316, 406, '1998-09-24 00:00:00'),
(33322, 502, '1998-07-13 00:00:00'),
(33324, 504, '1998-08-27 00:00:00'),
(33326, 506, '1998-09-29 00:00:00'),
(33402, 102, '1998-10-03 00:00:00'),
(33404, 104, '1998-11-17 00:00:00'),
(33406, 106, '1998-12-19 00:00:00'),
(33412, 402, '1998-10-08 00:00:00'),
(33414, 404, '1998-11-22 00:00:00'),
(33416, 406, '1998-12-24 00:00:00'),
(33422, 502, '1998-10-13 00:00:00'),
(33424, 504, '1998-11-27 00:00:00'),
(33426, 506, '1998-12-29 00:00:00'),
(34102, 102, '1999-01-03 00:00:00'),
(34104, 104, '1999-02-10 00:00:00'),
(34106, 106, '1999-03-20 00:00:00'),
(34112, 402, '1999-01-08 00:00:00'),
(34114, 404, '1999-02-15 00:00:00'),
(34116, 406, '1999-03-25 00:00:00'),
(34122, 502, '1999-01-13 00:00:00'),
(34124, 504, '1999-02-20 00:00:00'),
(34126, 506, '1999-03-30 00:00:00'),
(34202, 102, '1999-04-03 00:00:00'),
(34204, 104, '1999-05-17 00:00:00'),
(34206, 106, '1999-06-19 00:00:00'),
(34212, 402, '1999-04-08 00:00:00'),
(34214, 404, '1999-05-22 00:00:00'),
(34216, 406, '1999-06-24 00:00:00'),
(34222, 502, '1999-04-13 00:00:00'),
(34224, 504, '1999-05-27 00:00:00'),
(34226, 506, '1999-06-29 00:00:00'),
(34302, 102, '1999-07-03 00:00:00'),
(34304, 104, '1999-08-17 00:00:00'),
(34306, 106, '1999-09-19 00:00:00'),
(34312, 402, '1999-07-08 00:00:00'),
(34314, 404, '1999-08-22 00:00:00'),
(34316, 406, '1999-09-24 00:00:00'),
(34322, 502, '1999-07-13 00:00:00'),
(34324, 504, '1999-08-27 00:00:00'),
(34326, 506, '1999-09-29 00:00:00'),
(34402, 102, '1999-10-03 00:00:00'),
(34404, 104, '1999-11-17 00:00:00'),
(34406, 106, '1999-12-19 00:00:00'),
(34412, 402, '1999-10-08 00:00:00'),
(34414, 404, '1999-11-22 00:00:00'),
(34416, 406, '1999-12-24 00:00:00'),
(34422, 502, '1999-10-13 00:00:00'),
(34424, 504, '1999-11-27 00:00:00'),
(34426, 506, '1999-12-29 00:00:00'),
(35102, 102, '2000-01-03 00:00:00'),
(35104, 104, '2000-02-10 00:00:00'),
(35106, 106, '2000-03-20 00:00:00'),
(35112, 402, '2000-01-08 00:00:00'),
(35114, 404, '2000-02-15 00:00:00'),
(35116, 406, '2000-03-25 00:00:00'),
(35122, 502, '2000-01-13 00:00:00'),
(35124, 504, '2000-02-20 00:00:00'),
(35126, 506, '1999-03-30 00:00:00'),
(35202, 102, '2000-04-03 00:00:00'),
(35204, 104, '2000-05-17 00:00:00'),
(35206, 106, '2000-06-19 00:00:00'),
(35212, 402, '2000-04-08 00:00:00'),
(35214, 404, '2000-05-22 00:00:00'),
(35216, 406, '2000-06-24 00:00:00'),
(35222, 502, '2000-04-13 00:00:00'),
(35224, 504, '2000-05-27 00:00:00'),
(35226, 506, '1999-06-29 00:00:00'),
(35302, 102, '2000-07-03 00:00:00'),
(35304, 104, '2000-08-17 00:00:00'),
(35306, 106, '2000-09-19 00:00:00'),
(35312, 402, '2000-07-08 00:00:00'),
(35314, 404, '2000-08-22 00:00:00'),
(35316, 406, '2000-09-24 00:00:00'),
(35322, 502, '2000-07-13 00:00:00'),
(35324, 504, '2000-08-27 00:00:00'),
(35326, 506, '1999-09-29 00:00:00'),
(35402, 102, '2000-10-03 00:00:00'),
(35404, 104, '2000-11-17 00:00:00'),
(35406, 106, '2000-12-19 00:00:00'),
(35412, 402, '2000-10-08 00:00:00'),
(35414, 404, '2000-11-22 00:00:00'),
(35416, 406, '2000-12-24 00:00:00'),
(35422, 502, '2000-10-13 00:00:00'),
(35424, 504, '2000-11-27 00:00:00'),
(35426, 506, '1998-12-29 00:00:00'),
(43102, 102, '1998-01-02 00:00:00'),
(43104, 104, '1998-02-11 00:00:00'),
(43106, 106, '1998-03-21 00:00:00'),
(43112, 402, '1998-01-06 00:00:00'),
(43114, 404, '1998-02-16 00:00:00'),
(43116, 406, '1998-03-26 00:00:00'),
(43122, 502, '1998-01-11 00:00:00'),
(43124, 504, '1998-02-21 00:00:00'),
(43126, 506, '1998-03-31 00:00:00'),
(43202, 102, '1998-04-03 00:00:00'),
(43204, 104, '1998-05-17 00:00:00'),
(43206, 106, '1998-06-19 00:00:00'),
(43212, 402, '1998-04-08 00:00:00'),
(43214, 404, '1998-05-22 00:00:00'),
(43216, 406, '1998-06-24 00:00:00'),
(43222, 502, '1998-04-13 00:00:00'),
(43224, 504, '1998-05-27 00:00:00'),
(43226, 506, '1998-06-29 00:00:00'),
(43302, 102, '1998-07-03 00:00:00'),
(43304, 104, '1998-08-17 00:00:00'),
(43306, 106, '1998-09-19 00:00:00'),
(43312, 402, '1998-07-08 00:00:00'),
(43314, 404, '1998-08-22 00:00:00'),
(43316, 406, '1998-09-24 00:00:00'),
(43322, 502, '1998-07-13 00:00:00'),
(43324, 504, '1998-08-27 00:00:00'),
(43326, 506, '1998-09-29 00:00:00'),
(43402, 102, '1998-10-03 00:00:00'),
(43404, 104, '1998-11-17 00:00:00'),
(43406, 106, '1998-12-19 00:00:00'),
(43412, 402, '1998-10-08 00:00:00'),
(43414, 404, '1998-11-22 00:00:00'),
(43416, 406, '1998-12-24 00:00:00'),
(43422, 502, '1998-10-13 00:00:00'),
(43424, 504, '1998-11-27 00:00:00'),
(43426, 506, '1998-12-29 00:00:00'),
(44102, 102, '1999-01-03 00:00:00'),
(44104, 104, '1999-02-10 00:00:00'),
(44106, 106, '1999-03-20 00:00:00'),
(44112, 402, '1999-01-08 00:00:00'),
(44114, 404, '1999-02-15 00:00:00'),
(44116, 406, '1999-03-25 00:00:00'),
(44122, 502, '1999-01-13 00:00:00'),
(44124, 504, '1999-02-20 00:00:00'),
(44126, 506, '1999-03-30 00:00:00'),
(44202, 102, '1999-04-03 00:00:00'),
(44204, 104, '1999-05-17 00:00:00'),
(44206, 106, '1999-06-19 00:00:00'),
(44212, 402, '1999-04-08 00:00:00'),
(44214, 404, '1999-05-22 00:00:00'),
(44216, 406, '1999-06-24 00:00:00'),
(44222, 502, '1999-04-13 00:00:00'),
(44224, 504, '1999-05-27 00:00:00'),
(44226, 506, '1999-06-29 00:00:00'),
(44302, 102, '1999-07-03 00:00:00'),
(44304, 104, '1999-08-17 00:00:00'),
(44306, 106, '1999-09-19 00:00:00'),
(44312, 402, '1999-07-08 00:00:00'),
(44314, 404, '1999-08-22 00:00:00'),
(44316, 406, '1999-09-24 00:00:00'),
(44322, 502, '1999-07-13 00:00:00'),
(44324, 504, '1999-08-27 00:00:00'),
(44326, 506, '1999-09-29 00:00:00'),
(44402, 102, '1999-10-03 00:00:00'),
(44404, 104, '1999-11-17 00:00:00'),
(44406, 106, '1999-12-19 00:00:00'),
(44412, 402, '1999-10-08 00:00:00'),
(44414, 404, '1999-11-22 00:00:00'),
(44416, 406, '1999-12-24 00:00:00'),
(44422, 502, '1999-10-13 00:00:00'),
(44424, 504, '1999-11-27 00:00:00'),
(44426, 506, '1999-12-29 00:00:00'),
(45102, 102, '2000-01-03 00:00:00'),
(45104, 104, '2000-02-10 00:00:00'),
(45106, 106, '2000-03-20 00:00:00'),
(45112, 402, '2000-01-08 00:00:00'),
(45114, 404, '2000-02-15 00:00:00'),
(45116, 406, '2000-03-25 00:00:00'),
(45122, 502, '2000-01-13 00:00:00'),
(45124, 504, '2000-02-20 00:00:00'),
(45126, 506, '1999-03-30 00:00:00'),
(45202, 102, '2000-04-03 00:00:00'),
(45204, 104, '2000-05-17 00:00:00'),
(45206, 106, '2000-06-19 00:00:00'),
(45212, 402, '2000-04-08 00:00:00'),
(45214, 404, '2000-05-22 00:00:00'),
(45216, 406, '2000-06-24 00:00:00'),
(45222, 502, '2000-04-13 00:00:00'),
(45224, 504, '2000-05-27 00:00:00'),
(45226, 506, '1998-06-29 00:00:00'),
(45302, 102, '2000-07-03 00:00:00'),
(45304, 104, '2000-08-17 00:00:00'),
(45306, 106, '2000-09-19 00:00:00'),
(45312, 402, '2000-07-08 00:00:00'),
(45314, 404, '2000-08-22 00:00:00'),
(45316, 406, '2000-09-24 00:00:00'),
(45322, 502, '2000-07-13 00:00:00'),
(45324, 504, '2000-08-27 00:00:00'),
(45326, 506, '1998-06-29 00:00:00'),
(45402, 102, '2000-10-03 00:00:00'),
(45404, 104, '2000-11-17 00:00:00'),
(45406, 106, '2000-12-19 00:00:00'),
(45412, 402, '2000-10-08 00:00:00'),
(45414, 404, '2000-11-22 00:00:00'),
(45416, 406, '2000-12-24 00:00:00'),
(45422, 502, '2000-10-13 00:00:00'),
(45424, 504, '2000-11-27 00:00:00'),
(45426, 506, '1998-06-29 00:00:00');

-- --------------------------------------------------------

--
-- Structure de la table `sales_person`
--

CREATE TABLE IF NOT EXISTS `sales_person` (
  `sales_id` int(11) NOT NULL DEFAULT '0',
  `sales_person` varchar(50) DEFAULT NULL,
  PRIMARY KEY (`sales_id`)
) ENGINE=MyISAM DEFAULT CHARSET=latin1;

--
-- Contenu de la table `sales_person`
--

INSERT INTO `sales_person` (`sales_id`, `sales_person`) VALUES
(10, 'Hamilton'),
(11, 'Andersen'),
(12, 'Galagers'),
(13, 'Jeferson'),
(20, 'Daumesnil'),
(21, 'Barrot'),
(22, 'Carlin'),
(30, 'Moore'),
(31, 'Edwood'),
(32, 'Keegan'),
(40, 'Bauman'),
(41, 'Fischer'),
(42, 'Schmidt'),
(50, 'Ishimoto'),
(51, 'Nagata'),
(52, 'Kudo');

-- --------------------------------------------------------

--
-- Structure de la table `service`
--

CREATE TABLE IF NOT EXISTS `service` (
  `service_id` int(11) NOT NULL DEFAULT '0',
  `service` varchar(50) DEFAULT NULL,
  `sl_id` int(11) DEFAULT '0',
  `price` double DEFAULT '0',
  PRIMARY KEY (`service_id`)
) ENGINE=MyISAM DEFAULT CHARSET=latin1;

--
-- Contenu de la table `service`
--

INSERT INTO `service` (`service_id`, `service`, `sl_id`, `price`) VALUES
(211, 'Hotel Room', 21, 192),
(212, 'Bungalow', 21, 160),
(213, 'Hotel Suite', 21, 292),
(221, 'Restaurant', 22, 95),
(222, 'Fast Food', 22, 80),
(223, 'Poolside Bar', 22, 85),
(231, 'Activities', 23, 200),
(232, 'Excursion', 23, 100),
(233, 'Sports', 23, 100),
(311, 'Hotel Room', 31, 170),
(312, 'Bungalow', 31, 120),
(313, 'Hotel Suite', 31, 270),
(321, 'Restaurant', 32, 85),
(322, 'Fast Food', 32, 90),
(323, 'Poolside Bar', 32, 120),
(331, 'Activities', 33, 50),
(332, 'Excursion', 33, 175),
(333, 'Sports', 33, 190),
(411, 'Hotel Room', 41, 195),
(412, 'Bungalow', 41, 150),
(413, 'Hotel Suite', 41, 295),
(421, 'Restaurant', 42, 150),
(422, 'Fast Food', 42, 105),
(423, 'Poolside Bar', 42, 80),
(431, 'Activities', 43, 150),
(432, 'Excursion', 43, 100),
(433, 'Sports', 43, 150);

-- --------------------------------------------------------

--
-- Structure de la table `service_line`
--

CREATE TABLE IF NOT EXISTS `service_line` (
  `sl_id` int(11) NOT NULL DEFAULT '0',
  `service_line` varchar(50) DEFAULT NULL,
  `resort_id` int(11) DEFAULT '0',
  PRIMARY KEY (`sl_id`)
) ENGINE=MyISAM DEFAULT CHARSET=latin1;

--
-- Contenu de la table `service_line`
--

INSERT INTO `service_line` (`sl_id`, `service_line`, `resort_id`) VALUES
(11, 'Accommodation', 1),
(12, 'Food & Drinks', 1),
(13, 'Recreation', 1),
(21, 'Accommodation', 2),
(22, 'Food & Drinks', 2),
(23, 'Recreation', 2),
(31, 'Accommodation', 3),
(32, 'Food & Drinks', 3),
(33, 'Recreation', 3),
(41, 'Accommodation', 4),
(42, 'Food & Drinks', 4),
(43, 'Recreation', 4),
(51, 'Accommodation', 5),
(52, 'Food & Drinks', 5),
(53, 'Recreation', 5);

/*!40101 SET CHARACTER_SET_CLIENT=@OLD_CHARACTER_SET_CLIENT */;
/*!40101 SET CHARACTER_SET_RESULTS=@OLD_CHARACTER_SET_RESULTS */;
/*!40101 SET COLLATION_CONNECTION=@OLD_COLLATION_CONNECTION */;
